cv,sp,pv
1,10000,35
49.825,10000,31574729.36503321
-1649568.51547,10000,3.7021253873032694e+25
-1.9343605147509395e+24,10000,7.0003487801449e+97
-1.9343605147509395e+24,10000,7.0003487801449e+97
