cv,sp,pv
1,10000,24
49.88,10000,17824.140800000005
-720.56136,10000,3628705.2237953474
-192861.99343,10000,260368696681.6061
-192861.99343,10000,260368696681.6061
-13604205206.75375,10000,1.2955207950434275e+21
-6.909444237568308e+19,10000,3.3418293770446127e+40
-1.746105849401985e+39,10000,2.1342199461210794e+79
-1.746105849401985e+39,10000,2.1342199461210794e+79
-1.1151299217819574e+78,10000,8.70460319717404e+156
