cv,sp,pv
1,10000,24
49.88,10000,17824.140800000005
-720.56136,10000,3628705.2237953474
-192861.99356,10000,260368697032.6139
-192861.99356,10000,260368697032.6139
-13604205217.87149,10000,1.2955207971608996e+21
-6.769096164366146e+19,10000,3.207446401770553e+40
-6.769096164366146e+19,10000,3.207446401770553e+40
-1.7106380803966475e+39,10000,2.0483978494721887e+79
-1.0702878768537956e+78,10000,8.018612975381439e+156
-1.0702878768537956e+78,10000,8.018612975381439e+156
