cv,sp,pv
1,10000,24
49.88,10000,17824.140800000005
-720.56136,10000,3628705.2237953474
-188958.02979,10000,249934447499.5914
-188958.02979,10000,249934447499.5914
-13329774072.2302,10000,1.2437801376102652e+21
-6.498751218221076e+19,10000,2.956363717743094e+40
-1.5447000424289174e+39,10000,1.6702687547559295e+79
-1.5447000424289174e+39,10000,1.6702687547559295e+79
-8.908100022513099e+77,10000,5.554797220776851e+156
