cv,sp,pv
1,10000,35
49.825,10000,31574729.36503321
-1683784.39893,10000,4.0189779165877345e+25
-1683784.39893,10000,4.0189779165877345e+25
-2.0999159612922282e+24,10000,9.722493528489092e+97
