cv,sp,pv
1,10000,24
49.88,10000,17824.140800000005
-749.82084,10000,3929629.4779681386
-204673.49792,10000,293237047876.6744
-15321575571.15781,10000,1.643254745756326e+21
-15321575571.15781,10000,1.643254745756326e+21
-8.7640253073864e+19,10000,5.376569771195649e+40
-2.809257706774124e+39,10000,5.524350204148865e+79
-2.809257706774124e+39,10000,5.524350204148865e+79
-2.9463201079361537e+78,10000,6.076561524900236e+157
