cv,sp,pv
1,10000,24
49.88,10000,17824.140800000005
-720.56136,10000,3628705.2237953474
-720.56136,10000,3628705.2237953474
-192861.99343,10000,260368696681.6061
-13604205199.53144,10000,1.2955207936678746e+21
-13604205199.53144,10000,1.2955207936678746e+21
-6.769096146115091e+19,10000,3.207446384474512e+40
-1.7106380723130244e+39,10000,2.0483978301127742e+79
-1.0702878661702842e+78,10000,8.018612815299382e+156
-1.0702878661702842e+78,10000,8.018612815299382e+156
